portfolio_name,observations,cumulative_return,annualized_return,annualized_volatility,sharpe_ratio,max_drawdown
kmeans_regime_strategy,3321,0.8703721103554753,0.048658555371221546,0.08743078702141571,0.5873389152450984,-0.32366979737031965
equal_weight_4_asset,3321,1.3364416630116578,0.06651318444848431,0.08144574153201557,0.8314875556798071,-0.21633588830484474
fixed_60_40_stock_bond,3321,2.3137314129215074,0.09517134470346877,0.10228898291134107,0.9401092917659803,-0.2409099528457831
