strategy_name,cost_bps,observations,cumulative_return,annualized_return,annualized_volatility,sharpe_ratio,max_drawdown
walkforward_hmm_regime_strategy,0,3322,1.2651164493814648,0.06398726097972607,0.0835905747125184,0.7839090762449776,-0.26491664954440786
walkforward_hmm_regime_strategy,10,3322,1.0737809165119416,0.056888011783870596,0.08365480216700727,0.7033277278701946,-0.2702040256710472
walkforward_hmm_regime_strategy,25,3322,0.8165466598286195,0.04632331767732456,0.08379872247393894,0.5823566050251049,-0.27820178271189966
kmeans_regime_strategy,0,3321,0.8703721103554753,0.048658555371221546,0.08743078702141571,0.5873389152450984,-0.32366979737031965
kmeans_regime_strategy,10,3321,0.4462059789908521,0.028391280190472434,0.08753414358185667,0.36377302862368655,-0.37262526377971816
kmeans_regime_strategy,25,3321,-0.016907709923639103,-0.0012931029467854183,0.08783366617290893,0.02936397849463529,-0.46819086220012684
