portfolio_name,observations,cumulative_return,annualized_return,annualized_volatility,sharpe_ratio,max_drawdown
walkforward_hmm_benchmark_relative_tilt_confidence_gate,3322,2.221692200384022,0.09280380205105199,0.09805972358687728,0.9542658734410848,-0.25096929183652206
equal_weight_4_asset,3322,1.3427224724218099,0.06670972140561005,0.08143620769790279,0.8338386283836305,-0.2163358883048444
fixed_60_40_stock_bond,3322,2.3037009738855376,0.09488955914294017,0.10227789332739658,0.9376831703358719,-0.2409099528457841
